{"openapi":"3.0.1","info":{"title":"PartnerIQ Backend API","description":"Generate request and response of the backend APIs","version":"1.0"},"servers":[{"url":"http://localhost:9091","description":"Generated server url"}],"paths":{"/order/quote":{"post":{"tags":["mt-order-controller"],"operationId":"quoteOrder","requestBody":{"content":{"application/json":{"schema":{"$ref":"#/components/schemas/QuoteOrderRequest"}}},"required":true},"responses":{"200":{"description":"OK","content":{"*/*":{"schema":{"$ref":"#/components/schemas/QuoteOrderReply"}}}}}}},"/order/create":{"post":{"tags":["mt-order-controller"],"operationId":"createOrder","requestBody":{"content":{"application/json":{"schema":{"$ref":"#/components/schemas/CreateOrderRequest"}}},"required":true},"responses":{"200":{"description":"OK","content":{"*/*":{"schema":{"$ref":"#/components/schemas/CreateOrderReply"}}}}}}},"/order/confirm":{"post":{"tags":["mt-order-controller"],"operationId":"createOrder_1","requestBody":{"content":{"application/json":{"schema":{"$ref":"#/components/schemas/ConfirmOrderRequest"}}},"required":true},"responses":{"200":{"description":"OK","content":{"*/*":{"schema":{"$ref":"#/components/schemas/ConfirmOrderReply"}}}}}}},"/metadata/cclist":{"get":{"tags":["metadata-controller"],"operationId":"getCclist","responses":{"200":{"description":"OK","content":{"*/*":{"schema":{"type":"string"}}}}}}},"/customer/kyc/template":{"get":{"tags":["customer-kyc-controller"],"operationId":"getKycTemplate","parameters":[{"name":"countryCode","in":"query","required":true,"schema":{"type":"string"}}],"responses":{"200":{"description":"OK","content":{"*/*":{"schema":{"type":"string"}}}}}}},"/customer/kyc/lookup":{"get":{"tags":["customer-kyc-controller"],"operationId":"getCustomerKYCById","parameters":[{"name":"customerId","in":"query","required":true,"schema":{"type":"string"}},{"name":"firstname","in":"query","required":true,"schema":{"type":"string"}},{"name":"lastname","in":"query","required":true,"schema":{"type":"string"}}],"responses":{"200":{"description":"OK","content":{"*/*":{"schema":{"$ref":"#/components/schemas/Sender"}}}}}}}},"components":{"schemas":{"Address":{"type":"object","properties":{"country_code":{"$ref":"#/components/schemas/CountryCode"},"addr_line1":{"type":"string"},"city":{"type":"string"},"state":{"type":"string"},"postal_code":{"type":"integer","format":"int32"}}},"ComplianceDetails":{"type":"object","properties":{"date_of_birth":{"type":"integer","format":"int32"},"Does_the_ID_have_an_expiration_date":{"type":"string"},"template_id":{"type":"string"},"Country_of_Birth":{"type":"string"},"id_details":{"$ref":"#/components/schemas/IdDetails"},"id_expiration_date":{"type":"string"},"ack_flag":{"type":"string"}}},"CountryCode":{"type":"object","properties":{"country_name":{"type":"string"},"iso_code":{"$ref":"#/components/schemas/IsoCode"}}},"Destination":{"type":"object","properties":{"expected_payout_amount":{"type":"integer","format":"int32"},"country_iso_code":{"type":"string"},"currency_iso_code":{"type":"string"}}},"Fees":{"type":"object","properties":{"charges":{"type":"integer","format":"int32"},"delivery_charges":{"type":"integer","format":"int32"},"other_charges":{"type":"integer","format":"int32"}}},"IdDetails":{"type":"object","properties":{"id_number":{"type":"string"},"id_country_of_issue":{"type":"string"},"id_type":{"type":"string"}}},"IsoCode":{"type":"object","properties":{"country_code":{"type":"string"},"currency_code":{"type":"string"}}},"MobilePhone":{"type":"object","properties":{"phone_number":{"$ref":"#/components/schemas/PhoneNumber"}}},"Name":{"type":"object","properties":{"name_type":{"type":"string"},"last_name":{"type":"string"},"first_name":{"type":"string"}}},"Origination":{"type":"object","properties":{"country_iso_code":{"type":"string"},"currency_iso_code":{"type":"string"},"principal_amount":{"type":"integer","format":"int32"}}},"PaymentDetails":{"type":"object","properties":{"message_charges":{"type":"string"},"fees":{"$ref":"#/components/schemas/Fees"},"exchange_rate":{"type":"number","format":"double"},"origination":{"$ref":"#/components/schemas/Origination"},"payment_digest":{"type":"string"},"destination":{"$ref":"#/components/schemas/Destination"},"taxes":{"$ref":"#/components/schemas/Taxes"},"promotion":{"$ref":"#/components/schemas/Promotion"}}},"PhoneNumber":{"type":"object","properties":{"country_code":{"type":"integer","format":"int32"},"national_number":{"type":"integer","format":"int64"}}},"Promotion":{"type":"object","properties":{"discount":{"type":"integer","format":"int32"},"status":{"type":"integer","format":"int32"}}},"QuoteOrderRequest":{"type":"object","properties":{"payment_details":{"$ref":"#/components/schemas/PaymentDetails"},"sender":{"$ref":"#/components/schemas/Sender"},"transaction_type":{"type":"string"}}},"Sender":{"type":"object","properties":{"address":{"$ref":"#/components/schemas/Address"},"compliance_details":{"$ref":"#/components/schemas/ComplianceDetails"},"contact_phone":{"type":"integer","format":"int64"},"mobile_phone":{"$ref":"#/components/schemas/MobilePhone"},"name":{"$ref":"#/components/schemas/Name"},"preferred_customer":{"type":"string"},"email":{"type":"string"}}},"Taxes":{"type":"object","properties":{"municipal_tax":{"type":"integer","format":"int32"},"county_tax":{"type":"integer","format":"int32"},"state_tax":{"type":"integer","format":"int32"},"tax_worksheet":{"type":"string"},"tax_rate":{"type":"integer","format":"int32"}}},"QuoteOrderReply":{"type":"object","properties":{"service_options":{"$ref":"#/components/schemas/ServiceOptions"},"sender":{"$ref":"#/components/schemas/Sender"}}},"ServiceOption":{"type":"object","properties":{"payment_details":{"$ref":"#/components/schemas/PaymentDetails"},"wu_product":{"$ref":"#/components/schemas/WuProduct"},"transaction_type":{"type":"string"}}},"ServiceOptions":{"type":"object","properties":{"service_option":{"type":"array","items":{"$ref":"#/components/schemas/ServiceOption"}}}},"WuProduct":{"type":"object","properties":{"code":{"type":"integer","format":"int32"},"name":{"type":"string"},"routing_code":{"type":"string"},"type":{"type":"string"}}},"BankDetails":{"type":"object","properties":{"account_number":{"type":"integer","format":"int64"},"name":{"type":"string"},"routing_number":{"type":"string"}}},"CreateOrderRequest":{"type":"object","properties":{"financials":{"$ref":"#/components/schemas/Financials"},"receiver":{"$ref":"#/components/schemas/Receiver"},"payment_details":{"$ref":"#/components/schemas/PaymentDetails"},"sender":{"$ref":"#/components/schemas/Sender"},"bank_details":{"$ref":"#/components/schemas/BankDetails"},"delivery_services":{"$ref":"#/components/schemas/DeliveryServices"}}},"DeliveryServices":{"type":"object","properties":{"code":{"type":"integer","format":"int32"},"payment_digest":{"type":"string"},"information":{"type":"string"},"routing_code":{"type":"string"}}},"Financials":{"type":"object","properties":{"gross_total_amount":{"type":"integer","format":"int32"},"money_transfer_limit":{"type":"integer","format":"int64"},"pay_amount":{"type":"integer","format":"int32"},"message_charge":{"type":"integer","format":"int32"},"taxes":{"$ref":"#/components/schemas/Taxes"},"destination_principal_amount":{"type":"integer","format":"int32"},"originators_principal_amount":{"type":"integer","format":"int32"},"originating_currency_principal":{"type":"string"},"plus_charges_amount":{"type":"integer","format":"int32"},"tolls":{"type":"integer","format":"int32"},"charges":{"type":"integer","format":"int32"},"total_undiscounted_charges":{"type":"integer","format":"int32"},"canadian_dollar_exchange_fee":{"type":"integer","format":"int32"},"total_discounted_charges":{"type":"integer","format":"int32"}}},"Receiver":{"type":"object","properties":{"reason_for_sending":{"type":"integer","format":"int32"},"address":{"$ref":"#/components/schemas/Address"},"contact_phone":{"type":"integer","format":"int64"},"mobile_phone":{"$ref":"#/components/schemas/MobilePhone"},"name":{"$ref":"#/components/schemas/Name"}}},"CreateOrderReply":{"type":"object","properties":{"financials":{"$ref":"#/components/schemas/Financials"},"mtcn":{"type":"integer","format":"int32"},"promotions":{"$ref":"#/components/schemas/Promotions"},"receiver":{"$ref":"#/components/schemas/Receiver"},"payment_details":{"$ref":"#/components/schemas/PaymentDetails"},"new_mtcn":{"type":"integer","format":"int64"},"sender":{"$ref":"#/components/schemas/Sender"}}},"Promotions":{"type":"object","properties":{"promo_message":{"type":"string"},"promo_code_description":{"type":"string"},"sender_promo_code":{"type":"string"}}},"ConfirmOrderRequest":{"type":"object","properties":{"financials":{"$ref":"#/components/schemas/Financials"},"mtcn":{"type":"integer","format":"int32"},"receiver":{"$ref":"#/components/schemas/Receiver"},"payment_details":{"$ref":"#/components/schemas/PaymentDetails2"},"new_mtcn":{"type":"integer","format":"int64"},"sender":{"$ref":"#/components/schemas/Sender"},"bank_details":{"$ref":"#/components/schemas/BankDetails"},"delivery_services":{"$ref":"#/components/schemas/DeliveryServices"}}},"CreditDebitCardDetails":{"type":"object","properties":{"authorization_code":{"type":"string"}}},"DestinationCountryCurrency":{"type":"object","properties":{"iso_code":{"$ref":"#/components/schemas/IsoCode"}}},"OriginatingCountryCurrency":{"type":"object","properties":{"iso_code":{"$ref":"#/components/schemas/IsoCode"}}},"PaymentDetails2":{"type":"object","properties":{"exchange_rate":{"type":"number","format":"double"},"fix_on_send":{"type":"string"},"duplicate_detection_flag":{"type":"string"},"destination_country_currency":{"$ref":"#/components/schemas/DestinationCountryCurrency"},"stage_pay_fields":{"$ref":"#/components/schemas/StagePayFields"},"recording_country_currency":{"$ref":"#/components/schemas/RecordingCountryCurrency"},"transaction_type":{"type":"string"},"expected_payout_location":{"type":"string"},"credit_debit_card_details":{"$ref":"#/components/schemas/CreditDebitCardDetails"},"originating_state":{"type":"string"},"originating_city":{"type":"string"},"mt_requested_status":{"type":"string"},"originating_country_currency":{"$ref":"#/components/schemas/OriginatingCountryCurrency"},"payment_type":{"type":"string"},"pay_wo_id_indicator":{"type":"string"}}},"RecordingCountryCurrency":{"type":"object","properties":{"iso_code":{"$ref":"#/components/schemas/IsoCode"}}},"StagePayFields":{"type":"object","properties":{"snp_indicator":{"type":"string"},"staging_buffer":{"type":"string"}}},"ConfirmOrderReply":{"type":"object","properties":{"financials":{"$ref":"#/components/schemas/Financials"},"mtcn":{"type":"integer","format":"int32"},"promotions":{"$ref":"#/components/schemas/Promotions"},"receiver":{"$ref":"#/components/schemas/Receiver"},"payment_details":{"$ref":"#/components/schemas/PaymentDetails"},"new_mtcn":{"type":"integer","format":"int64"},"sender":{"$ref":"#/components/schemas/Sender"},"filing_date":{"type":"string"},"filing_time":{"type":"string"},"new_points_earned":{"type":"integer","format":"int32"}}}}}}