{"create-order-reply":{"financials":{"gross_total_amount":1300,"charges":1000,"total_undiscounted_charges":1000,"message_charge":0,"taxes":{"municipal_tax":0,"county_tax":0,"state_tax":0},"total_discounted_charges":1000,"destination_principal_amount":2168,"originators_principal_amount":300,"plus_charges_amount":0},"mtcn":2033795350,"promotions":{"promo_message":"","promo_code_description":"","sender_promo_code":""},"receiver":{"reason_for_sending":228990,"address":{"country_code":{"country_name":"CHINA","iso_code":{"country_code":"CN","currency_code":"CNY"}}},"contact_phone":869045847501,"mobile_phone":{"phone_number":{"country_code":86,"national_number":9045847501}},"name":{"name_type":"D","last_name":"Norris","first_name":"Cecelia"}},"payment_details":{"exchange_rate":7.22601,"fix_on_send":"Y","duplicate_detection_flag":"D","destination_country_currency":{"iso_code":{"country_code":"CN","currency_code":"CNY"}},"stage_pay_fields":{"staging_buffer":"0101C0202KI0303KOL0820CCUANA00WU  CBKIDBDB"},"recording_country_currency":{"iso_code":{"country_code":"KR","currency_code":"USD"}},"transaction_type":"WMN","expected_payout_location":"","credit_debit_card_details":{"authorization_code":""},"originating_state":"","originating_city":"SEOUL","originating_country_currency":{"iso_code":{"country_code":"KR","currency_code":"USD"}},"payment_type":"Cash","pay_wo_id_indicator":"N"},"new_mtcn":2516982033795350,"sender":{"address":{"country_code":{"country_name":"Korea","iso_code":{"country_code":"KR","currency_code":"USD"}},"addr_line1":"Sajik-ro-3-gil 23","city":"Jongno-gu","state":"Seoul","postal_code":30174},"compliance_details":{"compliance_data_buffer":"0108INT_06_S0201A0309A567897390605Korea0708290920041008090820309901X3305Korea7401Y"},"contact_phone":825827934569,"mobile_phone":{"phone_number":{"country_code":82,"national_number":5827934569}},"name":{"name_type":"D","last_name":"Hong","first_name":"Gildong"},"preferred_customer":"","email":"exampletest@gmail.com"}}}